allow_download_photo,author_pin,aweme_id,cid,collect_stat,comment_language,comment_post_item_ids,create_time,digg_count,fold_status,forbid_reply_with_video,image_list,is_author_digged,is_comment_translatable,is_high_purchase_intent,label_list,no_show,reply_comment,reply_comment_total,reply_id,reply_to_reply_id,share_info,sort_extra_score,sort_tags,status,stick_position,text,text_extra,thread_has_more,thread_id,trans_btn_style,user,user_buried,user_digged
True,False,7639831121890495758,7639831564696404749,0,en,,1778786935,2,-1,True,,False,True,False,,False,,0,0,0,"{'acl': {'add_to_story_code': 0, 'code': 0, 'extra': '{}'}, 'desc': 'Annemarie’s comment: Steph!!! This looks delicious.', 'title': '#ad #Ad This Sweet Kale Crunch noodle bowl is the kind of fresh, flavorful meal I crave when the weather starts warming up\xa0☀️🥢 Made with the Fresh Express Sweet Kale Chopped Kit, it comes together so easily while still packing tons of texture and flavor. \u2028@FreshExpress \xa0makes it simple to create quick, nutritious meals at home without sacrificing flavor🙌🏼 \u2028Get the full recipe at FreshExpress.com #FreshExpress #ExpressYourself', 'url': 'https://m.tiktok.com/v/7639831121890495758.html?_d=4kjeak917f4le4&comment_author_id=6795047709806330886&preview_pb=0&share_comment_id=7639831564696404749&share_item_id=7639831121890495758&sharer_language=en-US&source=h5_m&u_code=e7c7kdb4glj619'}","{'reply_score': 0.001574, 'show_more_score': 0.00028}","{""top_list"":1}",1,0,Steph!!! This looks delicious.,[],False,0,0,"{'account_labels': None, 'ad_cover_url': None, 'advance_feature_item_order': None, 'advanced_feature_info': None, 'avatar_thumb': {'uri': 'tos-maliva-avt-0068/d131c5e59d26559306d530883d85ed24', 'url_list': ['https://p16-common-sign.tiktokcdn-us.com/tos-maliva-avt-0068/d131c5e59d26559306d530883d85ed24~tplv-tiktokx-cropcenter:100:100.jpg?dr=9640&refresh_token=ead92d0d&x-expires=1779134400&x-signature=n9FGeVzXgwDco2e8UH6sNjSQZf8%3D&t=4d5b0474&ps=13740610&shp=30310797&shcp=ff37627b&idc=useast5', 'https://p19-common-sign.tiktokcdn-us.com/tos-maliva-avt-0068/d131c5e59d26559306d530883d85ed24~tplv-tiktokx-cropcenter:100:100.jpg?dr=9640&refresh_token=90ca2ae9&x-expires=1779134400&x-signature=kW572B2ZhYrNxOADtE%2FdrATt7Fk%3D&t=4d5b0474&ps=13740610&shp=30310797&shcp=ff37627b&idc=useast5', 'https://p16-common-sign.tiktokcdn-us.com/tos-maliva-avt-0068/d131c5e59d26559306d530883d85ed24~tplv-tiktokx-cropcenter:100:100.jpeg?dr=9640&refresh_token=101a53ce&x-expires=1779134400&x-signature=ehxT%2BcZhf1VhKsaNodocdXg3phk%3D&t=4d5b0474&ps=13740610&shp=30310797&shcp=ff37627b&idc=useast5'], 'url_prefix': None}, 'bold_fields': None, 'can_message_follow_status_list': None, 'can_set_geofencing': None, 'cha_list': None, 'cover_url': None, 'custom_verify': '', 'enterprise_verify_reason': '', 'events': None, 'followers_detail': None, 'geofencing': None, 'homepage_bottom_toast': None, 'item_list': None, 'mutual_relation_avatars': None, 'need_points': None, 'nickname': 'Annemarie', 'platform_sync_info': None, 'predicted_age_group': '4', 'relative_users': None, 'search_highlight': None, 'sec_uid': 'MS4wLjABAAAAybd_mJTjIFXk28mijSjx9E_zmw9zB5ltt0G0jmjQPKDFYo_Oa7nwFjteTQYOBgYQ', 'shield_edit_field_info': None, 'type_label': None, 'uid': '6795047709806330886', 'unique_id': 'annemariechronicles', 'user_profile_guide': None, 'user_tags': None, 'white_cover_url': None}",False,0
True,False,7639831121890495758,7640661152699302687,0,en,,1778980072,0,-1,True,,False,True,False,,False,,0,0,0,"{'acl': {'add_to_story_code': 0, 'code': 0, 'extra': '{}'}, 'desc': 'Hayden Delishaas’s comment: Love a good salad kit', 'title': '#ad #Ad This Sweet Kale Crunch noodle bowl is the kind of fresh, flavorful meal I crave when the weather starts warming up\xa0☀️🥢 Made with the Fresh Express Sweet Kale Chopped Kit, it comes together so easily while still packing tons of texture and flavor. \u2028@FreshExpress \xa0makes it simple to create quick, nutritious meals at home without sacrificing flavor🙌🏼 \u2028Get the full recipe at FreshExpress.com #FreshExpress #ExpressYourself', 'url': 'https://m.tiktok.com/v/7639831121890495758.html?_d=4kjeak917f4le4&comment_author_id=6794148055627547654&preview_pb=0&share_comment_id=7640661152699302687&share_item_id=7639831121890495758&sharer_language=en-US&source=h5_m&u_code=e7c7kdb4glj619'}","{'reply_score': 0.00276, 'show_more_score': 0.0018}","{""top_list"":1}",1,0,Love a good salad kit,[],False,0,0,"{'account_labels': None, 'ad_cover_url': None, 'advance_feature_item_order': None, 'advanced_feature_info': None, 'avatar_thumb': {'uri': 'tos-useast8-avt-0068-tx2/4e67d1586113b6f34c1f847b7825e634', 'url_list': ['https://p19-common-sign.tiktokcdn-us.com/tos-useast8-avt-0068-tx2/4e67d1586113b6f34c1f847b7825e634~tplv-tiktokx-cropcenter:100:100.jpg?dr=9640&refresh_token=6788aa0d&x-expires=1779134400&x-signature=D03MTJkuupAC9xCa0mh7z1wpLH4%3D&t=4d5b0474&ps=13740610&shp=30310797&shcp=ff37627b&idc=useast5', 'https://p16-common-sign.tiktokcdn-us.com/tos-useast8-avt-0068-tx2/4e67d1586113b6f34c1f847b7825e634~tplv-tiktokx-cropcenter:100:100.jpg?dr=9640&refresh_token=2c21ef04&x-expires=1779134400&x-signature=l5d2E4QJZgJCWhuBaGKQnsQTKRY%3D&t=4d5b0474&ps=13740610&shp=30310797&shcp=ff37627b&idc=useast5', 'https://p19-common-sign.tiktokcdn-us.com/tos-useast8-avt-0068-tx2/4e67d1586113b6f34c1f847b7825e634~tplv-tiktokx-cropcenter:100:100.jpeg?dr=9640&refresh_token=232585c1&x-expires=1779134400&x-signature=7qVK%2Bsx9EUutDzuLDUD9XIRFO1s%3D&t=4d5b0474&ps=13740610&shp=30310797&shcp=ff37627b&idc=useast5'], 'url_prefix': None}, 'bold_fields': None, 'can_message_follow_status_list': None, 'can_set_geofencing': None, 'cha_list': None, 'cover_url': None, 'custom_verify': '', 'enterprise_verify_reason': '', 'events': None, 'followers_detail': None, 'geofencing': None, 'homepage_bottom_toast': None, 'item_list': None, 'mutual_relation_avatars': None, 'need_points': None, 'nickname': 'Hayden Delishaas', 'platform_sync_info': None, 'predicted_age_group': '5', 'relative_users': None, 'search_highlight': None, 'sec_uid': 'MS4wLjABAAAASe_dTsdeFWBGuU1SbBdNlc9gQFJpAOKXJdSlCd4eBODTnXhbdxVOw75_pJh_27rZ', 'shield_edit_field_info': None, 'type_label': None, 'uid': '6794148055627547654', 'unique_id': 'delishaas', 'user_profile_guide': None, 'user_tags': None, 'white_cover_url': None}",False,0
True,False,7639831121890495758,7640599949042795295,0,en,,1778965838,0,-1,True,,False,True,False,,False,,0,0,0,"{'acl': {'add_to_story_code': 0, 'code': 0, 'extra': '{}'}, 'desc': 'Code-E’s comment: Wow! Delicious 🔥', 'title': '#ad #Ad This Sweet Kale Crunch noodle bowl is the kind of fresh, flavorful meal I crave when the weather starts warming up\xa0☀️🥢 Made with the Fresh Express Sweet Kale Chopped Kit, it comes together so easily while still packing tons of texture and flavor. \u2028@FreshExpress \xa0makes it simple to create quick, nutritious meals at home without sacrificing flavor🙌🏼 \u2028Get the full recipe at FreshExpress.com #FreshExpress #ExpressYourself', 'url': 'https://m.tiktok.com/v/7639831121890495758.html?_d=4kjeak917f4le4&comment_author_id=7531484836994876446&preview_pb=0&share_comment_id=7640599949042795295&share_item_id=7639831121890495758&sharer_language=en-US&source=h5_m&u_code=e7c7kdb4glj619'}","{'reply_score': 0.011595, 'show_more_score': 0.001521}","{""cold_start"":1,""top_list"":1}",1,0,Wow! Delicious 🔥,[],False,0,0,"{'account_labels': None, 'ad_cover_url': None, 'advance_feature_item_order': None, 'advanced_feature_info': None, 'avatar_thumb': {'uri': 'tos-useast8-avt-0068-tx2/8137b6e13a08672558e694dcec169071', 'url_list': ['https://p16-common-sign.tiktokcdn-us.com/tos-useast8-avt-0068-tx2/8137b6e13a08672558e694dcec169071~tplv-tiktokx-cropcenter:100:100.jpg?dr=9640&refresh_token=36099c79&x-expires=1779134400&x-signature=uLzmLF7nn%2FhNd9iLmAXIG21HcAg%3D&t=4d5b0474&ps=13740610&shp=30310797&shcp=ff37627b&idc=useast5', 'https://p19-common-sign.tiktokcdn-us.com/tos-useast8-avt-0068-tx2/8137b6e13a08672558e694dcec169071~tplv-tiktokx-cropcenter:100:100.jpg?dr=9640&refresh_token=500a4a91&x-expires=1779134400&x-signature=3eM%2FItuVnRqGSIat%2FkSDNhBfBMg%3D&t=4d5b0474&ps=13740610&shp=30310797&shcp=ff37627b&idc=useast5', 'https://p16-common-sign.tiktokcdn-us.com/tos-useast8-avt-0068-tx2/8137b6e13a08672558e694dcec169071~tplv-tiktokx-cropcenter:100:100.jpeg?dr=9640&refresh_token=cb13c1b6&x-expires=1779134400&x-signature=6c7EhCBgt0DKQDwRjsCADjzPC0w%3D&t=4d5b0474&ps=13740610&shp=30310797&shcp=ff37627b&idc=useast5'], 'url_prefix': None}, 'bold_fields': None, 'can_message_follow_status_list': None, 'can_set_geofencing': None, 'cha_list': None, 'cover_url': None, 'custom_verify': '', 'enterprise_verify_reason': '', 'events': None, 'followers_detail': None, 'geofencing': None, 'homepage_bottom_toast': None, 'item_list': None, 'mutual_relation_avatars': None, 'need_points': None, 'nickname': 'Code-E', 'platform_sync_info': None, 'predicted_age_group': '', 'relative_users': None, 'search_highlight': None, 'sec_uid': 'MS4wLjABAAAAXrCNTvMdw_q1Utn5DyBn-9lRys9kakyTVL62Yfjsdhwlb3D2O4NnEgDSZ_vWsOb9', 'shield_edit_field_info': None, 'type_label': None, 'uid': '7531484836994876446', 'unique_id': 'code.e95', 'user_profile_guide': None, 'user_tags': None, 'white_cover_url': None}",False,0
True,False,7639831121890495758,7640637268055147278,0,en,,1778974528,0,-1,True,,False,True,False,,False,,0,0,0,"{'acl': {'add_to_story_code': 0, 'code': 0, 'extra': '{}'}, 'desc': 'Jackie Aranibar’s comment: This is amazing!', 'title': '#ad #Ad This Sweet Kale Crunch noodle bowl is the kind of fresh, flavorful meal I crave when the weather starts warming up\xa0☀️🥢 Made with the Fresh Express Sweet Kale Chopped Kit, it comes together so easily while still packing tons of texture and flavor. \u2028@FreshExpress \xa0makes it simple to create quick, nutritious meals at home without sacrificing flavor🙌🏼 \u2028Get the full recipe at FreshExpress.com #FreshExpress #ExpressYourself', 'url': 'https://m.tiktok.com/v/7639831121890495758.html?_d=4kjeak917f4le4&comment_author_id=6810569497750225926&preview_pb=0&share_comment_id=7640637268055147278&share_item_id=7639831121890495758&sharer_language=en-US&source=h5_m&u_code=e7c7kdb4glj619'}","{'reply_score': 0.009114, 'show_more_score': 0.001096}","{""cold_start"":1,""top_list"":1}",1,0,This is amazing!,[],False,0,0,"{'account_labels': None, 'ad_cover_url': None, 'advance_feature_item_order': None, 'advanced_feature_info': None, 'avatar_thumb': {'uri': 'tos-maliva-avt-0068/7323750942560976902', 'url_list': ['https://p16-common-sign.tiktokcdn-us.com/tos-maliva-avt-0068/7323750942560976902~tplv-tiktokx-cropcenter:100:100.jpg?dr=9640&refresh_token=46a0f34b&x-expires=1779134400&x-signature=WnoLsIS7YKgHBaVZRahdJ1H8nkU%3D&t=4d5b0474&ps=13740610&shp=30310797&shcp=ff37627b&idc=useast5', 'https://p19-common-sign.tiktokcdn-us.com/tos-maliva-avt-0068/7323750942560976902~tplv-tiktokx-cropcenter:100:100.jpg?dr=9640&refresh_token=b95b44e8&x-expires=1779134400&x-signature=dd2pb14PsAX3WvcEhe1KjOJcKf0%3D&t=4d5b0474&ps=13740610&shp=30310797&shcp=ff37627b&idc=useast5', 'https://p16-common-sign.tiktokcdn-us.com/tos-maliva-avt-0068/7323750942560976902~tplv-tiktokx-cropcenter:100:100.jpeg?dr=9640&refresh_token=9f4d50c0&x-expires=1779134400&x-signature=lHCevLUAz5%2Bccdtl%2FIJXMF4U%2B%2BY%3D&t=4d5b0474&ps=13740610&shp=30310797&shcp=ff37627b&idc=useast5'], 'url_prefix': None}, 'bold_fields': None, 'can_message_follow_status_list': None, 'can_set_geofencing': None, 'cha_list': None, 'cover_url': None, 'custom_verify': '', 'enterprise_verify_reason': '', 'events': None, 'followers_detail': None, 'geofencing': None, 'homepage_bottom_toast': None, 'item_list': None, 'mutual_relation_avatars': None, 'need_points': None, 'nickname': 'Jackie Aranibar', 'platform_sync_info': None, 'predicted_age_group': '-1', 'relative_users': None, 'search_highlight': None, 'sec_uid': 'MS4wLjABAAAAOXNNgh0XI6QsGJHOpdUDTIQb4d0KnShL9rMySyiyR-pDoh-MucNr9fT159E62Mmf', 'shield_edit_field_info': None, 'type_label': None, 'uid': '6810569497750225926', 'unique_id': 'jackiearanibar0', 'user_profile_guide': None, 'user_tags': None, 'white_cover_url': None}",False,0
True,False,7639831121890495758,7639833828731421462,0,en,,1778787441,1,-1,True,,False,True,False,,False,,0,0,0,"{'acl': {'add_to_story_code': 0, 'code': 0, 'extra': '{}'}, 'desc': 'Camille’s comment: This sweet kale crunch noodle bowl looks like heaven, especially that package next to it!', 'title': '#ad #Ad This Sweet Kale Crunch noodle bowl is the kind of fresh, flavorful meal I crave when the weather starts warming up\xa0☀️🥢 Made with the Fresh Express Sweet Kale Chopped Kit, it comes together so easily while still packing tons of texture and flavor. \u2028@FreshExpress \xa0makes it simple to create quick, nutritious meals at home without sacrificing flavor🙌🏼 \u2028Get the full recipe at FreshExpress.com #FreshExpress #ExpressYourself', 'url': 'https://m.tiktok.com/v/7639831121890495758.html?_d=4kjeak917f4le4&comment_author_id=7626827841679180822&preview_pb=0&share_comment_id=7639833828731421462&share_item_id=7639831121890495758&sharer_language=en-US&source=h5_m&u_code=e7c7kdb4glj619'}","{'reply_score': 0.0004, 'show_more_score': 0.00014}","{""top_list"":1}",1,0,"This sweet kale crunch noodle bowl looks like heaven, especially that package next to it!",[],False,0,0,"{'account_labels': None, 'ad_cover_url': None, 'advance_feature_item_order': None, 'advanced_feature_info': None, 'avatar_thumb': {'uri': 'tos-maliva-avt-0068/6e71014cab2f92fe2c6e1a1ee9dc3c3a', 'url_list': ['https://p19-common-sign.tiktokcdn-us.com/tos-maliva-avt-0068/6e71014cab2f92fe2c6e1a1ee9dc3c3a~tplv-tiktokx-cropcenter:100:100.jpg?dr=9640&refresh_token=18437cee&x-expires=1779134400&x-signature=JqmhrXP6jJ%2FoXx9Y%2FziPsv06Xqw%3D&t=4d5b0474&ps=13740610&shp=30310797&shcp=ff37627b&idc=useast5', 'https://p16-common-sign.tiktokcdn-us.com/tos-maliva-avt-0068/6e71014cab2f92fe2c6e1a1ee9dc3c3a~tplv-tiktokx-cropcenter:100:100.jpg?dr=9640&refresh_token=a6cdbab7&x-expires=1779134400&x-signature=VamjFA1QFXX0FdZ4tcma4JnmdNI%3D&t=4d5b0474&ps=13740610&shp=30310797&shcp=ff37627b&idc=useast5', 'https://p19-common-sign.tiktokcdn-us.com/tos-maliva-avt-0068/6e71014cab2f92fe2c6e1a1ee9dc3c3a~tplv-tiktokx-cropcenter:100:100.jpeg?dr=9640&refresh_token=dc9486ea&x-expires=1779134400&x-signature=v8QFzW%2FpdCdMDnxOrQH42WMioSQ%3D&t=4d5b0474&ps=13740610&shp=30310797&shcp=ff37627b&idc=useast5'], 'url_prefix': None}, 'bold_fields': None, 'can_message_follow_status_list': None, 'can_set_geofencing': None, 'cha_list': None, 'cover_url': None, 'custom_verify': '', 'enterprise_verify_reason': '', 'events': None, 'followers_detail': None, 'geofencing': None, 'homepage_bottom_toast': None, 'item_list': None, 'mutual_relation_avatars': None, 'need_points': None, 'nickname': 'Camille', 'platform_sync_info': None, 'predicted_age_group': '', 'relative_users': None, 'search_highlight': None, 'sec_uid': 'MS4wLjABAAAAdgl1iUYCswod2qEMLgR9kFKJUgbDIOaIu7gqKgjAMDt7t_IjQ70Ua3ggvfHTWoM9', 'shield_edit_field_info': None, 'type_label': None, 'uid': '7626827841679180822', 'unique_id': 'user633396737250', 'user_profile_guide': None, 'user_tags': None, 'white_cover_url': None}",False,0
True,False,7639831121890495758,7639861091485205261,0,en,,1778793803,0,-1,True,,False,True,False,,False,,0,0,0,"{'acl': {'add_to_story_code': 0, 'code': 0, 'extra': '{}'}, 'desc': 'Michele Grasso’s comment: Make this for me!', 'title': '#ad #Ad This Sweet Kale Crunch noodle bowl is the kind of fresh, flavorful meal I crave when the weather starts warming up\xa0☀️🥢 Made with the Fresh Express Sweet Kale Chopped Kit, it comes together so easily while still packing tons of texture and flavor. \u2028@FreshExpress \xa0makes it simple to create quick, nutritious meals at home without sacrificing flavor🙌🏼 \u2028Get the full recipe at FreshExpress.com #FreshExpress #ExpressYourself', 'url': 'https://m.tiktok.com/v/7639831121890495758.html?_d=4kjeak917f4le4&comment_author_id=6828341239856120838&preview_pb=0&share_comment_id=7639861091485205261&share_item_id=7639831121890495758&sharer_language=en-US&source=h5_m&u_code=e7c7kdb4glj619'}","{'reply_score': 0.000623, 'show_more_score': 0.000127}","{""top_list"":1}",1,0,Make this for me!,[],False,0,0,"{'account_labels': None, 'ad_cover_url': None, 'advance_feature_item_order': None, 'advanced_feature_info': None, 'avatar_thumb': {'uri': 'tos-maliva-avt-0068/7328091199868190725', 'url_list': ['https://p19-common-sign.tiktokcdn-us.com/tos-maliva-avt-0068/7328091199868190725~tplv-tiktokx-cropcenter:100:100.jpg?dr=9640&refresh_token=02fd7f2a&x-expires=1779134400&x-signature=kl7fBFvctq1mch4nC14zwa0s6vU%3D&t=4d5b0474&ps=13740610&shp=30310797&shcp=ff37627b&idc=useast5', 'https://p16-common-sign.tiktokcdn-us.com/tos-maliva-avt-0068/7328091199868190725~tplv-tiktokx-cropcenter:100:100.jpg?dr=9640&refresh_token=1eccab38&x-expires=1779134400&x-signature=MvPKYS0pp4YxgQiwVgYv5uZIrrQ%3D&t=4d5b0474&ps=13740610&shp=30310797&shcp=ff37627b&idc=useast5', 'https://p19-common-sign.tiktokcdn-us.com/tos-maliva-avt-0068/7328091199868190725~tplv-tiktokx-cropcenter:100:100.jpeg?dr=9640&refresh_token=572d6197&x-expires=1779134400&x-signature=7otSRCVLAr5SWhxottEINfkAOwc%3D&t=4d5b0474&ps=13740610&shp=30310797&shcp=ff37627b&idc=useast5'], 'url_prefix': None}, 'bold_fields': None, 'can_message_follow_status_list': None, 'can_set_geofencing': None, 'cha_list': None, 'cover_url': None, 'custom_verify': '', 'enterprise_verify_reason': '', 'events': None, 'followers_detail': None, 'geofencing': None, 'homepage_bottom_toast': None, 'item_list': None, 'mutual_relation_avatars': None, 'need_points': None, 'nickname': 'Michele Grasso', 'platform_sync_info': None, 'predicted_age_group': '-1', 'relative_users': None, 'search_highlight': None, 'sec_uid': 'MS4wLjABAAAABhgvjEAYxAlnDL_JyYup8RavT8iatXJfv0eBvbiN-VHR-KvyCwhkXYHZzX1ePgRJ', 'shield_edit_field_info': None, 'type_label': None, 'uid': '6828341239856120838', 'unique_id': 'michelegrasso6', 'user_profile_guide': None, 'user_tags': None, 'white_cover_url': None}",False,0
True,False,7639831121890495758,7640116376242324245,0,en,,1778853229,0,-1,True,,False,True,False,,False,,0,0,0,"{'acl': {'add_to_story_code': 0, 'code': 0, 'extra': '{}'}, 'desc': 'Abbey Sharp’s comment: Yummmm', 'title': '#ad #Ad This Sweet Kale Crunch noodle bowl is the kind of fresh, flavorful meal I crave when the weather starts warming up\xa0☀️🥢 Made with the Fresh Express Sweet Kale Chopped Kit, it comes together so easily while still packing tons of texture and flavor. \u2028@FreshExpress \xa0makes it simple to create quick, nutritious meals at home without sacrificing flavor🙌🏼 \u2028Get the full recipe at FreshExpress.com #FreshExpress #ExpressYourself', 'url': 'https://m.tiktok.com/v/7639831121890495758.html?_d=4kjeak917f4le4&comment_author_id=6907257538209039362&preview_pb=0&share_comment_id=7640116376242324245&share_item_id=7639831121890495758&sharer_language=en-US&source=h5_m&u_code=e7c7kdb4glj619'}","{'reply_score': 0.000333, 'show_more_score': 0.000294}","{""top_list"":1}",1,0,Yummmm,[],False,0,0,"{'account_labels': None, 'ad_cover_url': None, 'advance_feature_item_order': None, 'advanced_feature_info': None, 'avatar_thumb': {'uri': 'tos-maliva-avt-0068/8cc65c7d85cc193b57dc533aa40ccee7', 'url_list': ['https://p16-common-sign.tiktokcdn-us.com/tos-maliva-avt-0068/8cc65c7d85cc193b57dc533aa40ccee7~tplv-tiktokx-cropcenter:100:100.jpg?dr=9640&refresh_token=40cca27b&x-expires=1779134400&x-signature=XommN9rbCjROLPvyYi2DR3NPAg8%3D&t=4d5b0474&ps=13740610&shp=30310797&shcp=ff37627b&idc=useast5', 'https://p19-common-sign.tiktokcdn-us.com/tos-maliva-avt-0068/8cc65c7d85cc193b57dc533aa40ccee7~tplv-tiktokx-cropcenter:100:100.jpg?dr=9640&refresh_token=a4f28845&x-expires=1779134400&x-signature=y052UHLd3TkNZI8WT%2Fdqg1ItRSk%3D&t=4d5b0474&ps=13740610&shp=30310797&shcp=ff37627b&idc=useast5', 'https://p16-common-sign.tiktokcdn-us.com/tos-maliva-avt-0068/8cc65c7d85cc193b57dc533aa40ccee7~tplv-tiktokx-cropcenter:100:100.jpeg?dr=9640&refresh_token=80fd8499&x-expires=1779134400&x-signature=JPSTiBR%2FqVJsTHmKv60azoYXUDk%3D&t=4d5b0474&ps=13740610&shp=30310797&shcp=ff37627b&idc=useast5'], 'url_prefix': None}, 'bold_fields': None, 'can_message_follow_status_list': None, 'can_set_geofencing': None, 'cha_list': None, 'cover_url': None, 'custom_verify': '', 'enterprise_verify_reason': '', 'events': None, 'followers_detail': None, 'geofencing': None, 'homepage_bottom_toast': None, 'item_list': None, 'mutual_relation_avatars': None, 'need_points': None, 'nickname': 'Abbey Sharp', 'platform_sync_info': None, 'predicted_age_group': '4', 'relative_users': None, 'search_highlight': None, 'sec_uid': 'MS4wLjABAAAAAQv1HbaqXksgJi4dS26QQOjJAUW9MRpkeL9t7QjGLJMkTUEP8tTdlJQA2tFf1RCn', 'shield_edit_field_info': None, 'type_label': None, 'uid': '6907257538209039362', 'unique_id': 'abbeyskitchen', 'user_profile_guide': None, 'user_tags': None, 'white_cover_url': None}",False,0
True,False,7639831121890495758,7640589452548752142,0,en,,1778963388,0,-1,True,,False,True,False,,False,,0,0,0,"{'acl': {'add_to_story_code': 0, 'code': 0, 'extra': '{}'}, 'desc': 'Michelle’s comment: Delicious!!!', 'title': '#ad #Ad This Sweet Kale Crunch noodle bowl is the kind of fresh, flavorful meal I crave when the weather starts warming up\xa0☀️🥢 Made with the Fresh Express Sweet Kale Chopped Kit, it comes together so easily while still packing tons of texture and flavor. \u2028@FreshExpress \xa0makes it simple to create quick, nutritious meals at home without sacrificing flavor🙌🏼 \u2028Get the full recipe at FreshExpress.com #FreshExpress #ExpressYourself', 'url': 'https://m.tiktok.com/v/7639831121890495758.html?_d=4kjeak917f4le4&comment_author_id=6765140020112196613&preview_pb=0&share_comment_id=7640589452548752142&share_item_id=7639831121890495758&sharer_language=en-US&source=h5_m&u_code=e7c7kdb4glj619'}","{'reply_score': 0.006307, 'show_more_score': 0.000832}","{""cold_start"":1,""top_list"":1}",1,0,Delicious!!!,[],False,0,0,"{'account_labels': None, 'ad_cover_url': None, 'advance_feature_item_order': None, 'advanced_feature_info': None, 'avatar_thumb': {'uri': 'tos-maliva-avt-0068/771353cb66796663ca6258150a50b90e', 'url_list': ['https://p16-common-sign.tiktokcdn-us.com/tos-maliva-avt-0068/771353cb66796663ca6258150a50b90e~tplv-tiktokx-cropcenter:100:100.jpg?dr=9640&refresh_token=c599579a&x-expires=1779134400&x-signature=xpg215zFKwDbrGQWW%2FEvLAKlolA%3D&t=4d5b0474&ps=13740610&shp=30310797&shcp=ff37627b&idc=useast5', 'https://p19-common-sign.tiktokcdn-us.com/tos-maliva-avt-0068/771353cb66796663ca6258150a50b90e~tplv-tiktokx-cropcenter:100:100.jpg?dr=9640&refresh_token=abc81904&x-expires=1779134400&x-signature=doJJnpQIOW2cpS50ZzbJu%2FXxAP8%3D&t=4d5b0474&ps=13740610&shp=30310797&shcp=ff37627b&idc=useast5', 'https://p16-common-sign.tiktokcdn-us.com/tos-maliva-avt-0068/771353cb66796663ca6258150a50b90e~tplv-tiktokx-cropcenter:100:100.jpeg?dr=9640&refresh_token=59e324a7&x-expires=1779134400&x-signature=D7HbUgIK8RgAK89RRiKfsHkAj44%3D&t=4d5b0474&ps=13740610&shp=30310797&shcp=ff37627b&idc=useast5'], 'url_prefix': None}, 'bold_fields': None, 'can_message_follow_status_list': None, 'can_set_geofencing': None, 'cha_list': None, 'cover_url': None, 'custom_verify': '', 'enterprise_verify_reason': '', 'events': None, 'followers_detail': None, 'geofencing': None, 'homepage_bottom_toast': None, 'item_list': None, 'mutual_relation_avatars': None, 'need_points': None, 'nickname': 'Michelle', 'platform_sync_info': None, 'predicted_age_group': '5', 'relative_users': None, 'search_highlight': None, 'sec_uid': 'MS4wLjABAAAAvQRl8ba8OYaoKJP7AbSisKDqtLItaUSYKOZnx7l3AjquHdXpAzBJHGKtJJfUfA5V', 'shield_edit_field_info': None, 'type_label': None, 'uid': '6765140020112196613', 'unique_id': 'shellbell208', 'user_profile_guide': None, 'user_tags': None, 'white_cover_url': None}",False,0
True,False,7639831121890495758,7639835233286357790,0,un,,1778787778,0,-1,True,,False,False,False,,False,,0,0,0,"{'acl': {'add_to_story_code': 0, 'code': 0, 'extra': '{}'}, 'desc': 'Liz Thomson | Veggie Recipes’s comment: ❤️❤️', 'title': '#ad #Ad This Sweet Kale Crunch noodle bowl is the kind of fresh, flavorful meal I crave when the weather starts warming up\xa0☀️🥢 Made with the Fresh Express Sweet Kale Chopped Kit, it comes together so easily while still packing tons of texture and flavor. \u2028@FreshExpress \xa0makes it simple to create quick, nutritious meals at home without sacrificing flavor🙌🏼 \u2028Get the full recipe at FreshExpress.com #FreshExpress #ExpressYourself', 'url': 'https://m.tiktok.com/v/7639831121890495758.html?_d=4kjeak917f4le4&comment_author_id=6785118044336358406&preview_pb=0&share_comment_id=7639835233286357790&share_item_id=7639831121890495758&sharer_language=en-US&source=h5_m&u_code=e7c7kdb4glj619'}","{'reply_score': 0, 'show_more_score': 0}",{},1,0,❤️❤️,[],False,0,0,"{'account_labels': None, 'ad_cover_url': None, 'advance_feature_item_order': None, 'advanced_feature_info': None, 'avatar_thumb': {'uri': 'tos-useast5-avt-0068-tx/7352541679972253742', 'url_list': ['https://p16-common-sign.tiktokcdn-us.com/tos-useast5-avt-0068-tx/7352541679972253742~tplv-tiktokx-cropcenter:100:100.jpg?dr=9640&refresh_token=0236c6d6&x-expires=1779134400&x-signature=WoponmMHQBftNXX%2FPoeJaK%2FS0Ko%3D&t=4d5b0474&ps=13740610&shp=30310797&shcp=ff37627b&idc=useast5', 'https://p19-common-sign.tiktokcdn-us.com/tos-useast5-avt-0068-tx/7352541679972253742~tplv-tiktokx-cropcenter:100:100.jpg?dr=9640&refresh_token=fb09f3f1&x-expires=1779134400&x-signature=0cCm3tQ7Qsf42Twx6Lk9%2BaQ8Yzg%3D&t=4d5b0474&ps=13740610&shp=30310797&shcp=ff37627b&idc=useast5', 'https://p16-common-sign.tiktokcdn-us.com/tos-useast5-avt-0068-tx/7352541679972253742~tplv-tiktokx-cropcenter:100:100.jpeg?dr=9640&refresh_token=a3183681&x-expires=1779134400&x-signature=hEU5Qq%2F6tEWpJfwcmbp22quhUB4%3D&t=4d5b0474&ps=13740610&shp=30310797&shcp=ff37627b&idc=useast5'], 'url_prefix': None}, 'bold_fields': None, 'can_message_follow_status_list': None, 'can_set_geofencing': None, 'cha_list': None, 'cover_url': None, 'custom_verify': '', 'enterprise_verify_reason': '', 'events': None, 'followers_detail': None, 'geofencing': None, 'homepage_bottom_toast': None, 'item_list': None, 'mutual_relation_avatars': None, 'need_points': None, 'nickname': 'Liz Thomson | Veggie Recipes', 'platform_sync_info': None, 'predicted_age_group': '4', 'relative_users': None, 'search_highlight': None, 'sec_uid': 'MS4wLjABAAAAVlj-pYzk-I2lQqfUW3mOiIuVZN_fGmbuT6Y5E05gn6iJjk90O5uNvXxUI37UiNLT', 'shield_edit_field_info': None, 'type_label': None, 'uid': '6785118044336358406', 'unique_id': 'iheartveggies', 'user_profile_guide': None, 'user_tags': None, 'white_cover_url': None}",False,0
